,ID,Euclidean Distance Micrometres (um),Accumulated Distance Micrometres (um),Velocity Micrometres/Hour (um/hr),Directionality Arbitrary Units (AU),Y - Forward Motion Index Arbitrary Units (AU),End Point Angle Degrees (Deg)
0,C:\Users\Alphons\OneDrive\Documents\Fast-AI-Enabled-Cell-Tracking-and-Migration-Analysis-for-High-Throughput-Drug-Screening\misc\examples\airway_epithelial_cell_wound_repair\Analysis,131.1436735988435,175.09079889035473,13.11436735988435,0.7490037993428097,0.9901354479149278,8.05441444638177
1,C:\Users\Alphons\OneDrive\Documents\Fast-AI-Enabled-Cell-Tracking-and-Migration-Analysis-for-High-Throughput-Drug-Screening\misc\examples\airway_epithelial_cell_wound_repair\Analysis,87.92095615523071,128.3364482333681,8.79209561552307,0.6850817313827674,0.9892408340787314,8.412345290426844
2,C:\Users\Alphons\OneDrive\Documents\Fast-AI-Enabled-Cell-Tracking-and-Migration-Analysis-for-High-Throughput-Drug-Screening\misc\examples\airway_epithelial_cell_wound_repair\Analysis,112.7,154.35023955756125,11.27,0.7301575969240477,1.0,0.0
3,C:\Users\Alphons\OneDrive\Documents\Fast-AI-Enabled-Cell-Tracking-and-Migration-Analysis-for-High-Throughput-Drug-Screening\misc\examples\airway_epithelial_cell_wound_repair\Analysis,80.07603027748067,143.7927420998306,8.007603027748067,0.5568850632383553,0.8719837853854813,29.310007070916125
4,C:\Users\Alphons\OneDrive\Documents\Fast-AI-Enabled-Cell-Tracking-and-Migration-Analysis-for-High-Throughput-Drug-Screening\misc\examples\airway_epithelial_cell_wound_repair\Analysis,143.70795526431377,202.75444257104792,14.370795526431376,0.7087783302896385,0.9888109516181179,8.57906551801216
5,C:\Users\Alphons\OneDrive\Documents\Fast-AI-Enabled-Cell-Tracking-and-Migration-Analysis-for-High-Throughput-Drug-Screening\misc\examples\airway_epithelial_cell_wound_repair\Analysis,143.05251876496268,225.30613968827043,14.305251876496268,0.6349250799951018,0.9077085892723454,24.809408375459544
6,C:\Users\Alphons\OneDrive\Documents\Fast-AI-Enabled-Cell-Tracking-and-Migration-Analysis-for-High-Throughput-Drug-Screening\misc\examples\airway_epithelial_cell_wound_repair\Analysis,132.9816352452473,175.89700207940882,13.29816352452473,0.7560199075207243,0.9349975263177835,20.77225468204582
7,C:\Users\Alphons\OneDrive\Documents\Fast-AI-Enabled-Cell-Tracking-and-Migration-Analysis-for-High-Throughput-Drug-Screening\misc\examples\airway_epithelial_cell_wound_repair\Analysis,140.57642272088162,182.35478703314016,14.057642272088163,0.770895159968211,0.9846957072940081,10.036902453963517
8,C:\Users\Alphons\OneDrive\Documents\Fast-AI-Enabled-Cell-Tracking-and-Migration-Analysis-for-High-Throughput-Drug-Screening\misc\examples\airway_epithelial_cell_wound_repair\Analysis,49.06121176652693,116.60478411341796,4.906121176652693,0.4207478461501765,0.9987523388778445,2.862405226111906
9,C:\Users\Alphons\OneDrive\Documents\Fast-AI-Enabled-Cell-Tracking-and-Migration-Analysis-for-High-Throughput-Drug-Screening\misc\examples\airway_epithelial_cell_wound_repair\Analysis,150.49687133375897,216.54741472484804,15.049687133375897,0.6949834590497653,0.3174484597360747,71.49131147581836
10,C:\Users\Alphons\OneDrive\Documents\Fast-AI-Enabled-Cell-Tracking-and-Migration-Analysis-for-High-Throughput-Drug-Screening\misc\examples\airway_epithelial_cell_wound_repair\Analysis,208.84902815790167,340.0044646017326,20.884902815790166,0.6142537816453055,0.9414096954827573,19.71033990036037
11,C:\Users\Alphons\OneDrive\Documents\Fast-AI-Enabled-Cell-Tracking-and-Migration-Analysis-for-High-Throughput-Drug-Screening\misc\examples\airway_epithelial_cell_wound_repair\Analysis,73.86658581523855,142.19583654284926,7.3866585815238555,0.5194708059752481,0.9950371902099892,5.710593137499633
12,C:\Users\Alphons\OneDrive\Documents\Fast-AI-Enabled-Cell-Tracking-and-Migration-Analysis-for-High-Throughput-Drug-Screening\misc\examples\airway_epithelial_cell_wound_repair\Analysis,132.9167338035358,168.65091104044674,13.291673380353581,0.7881174965705287,0.9861437025208724,9.549133928735928
13,C:\Users\Alphons\OneDrive\Documents\Fast-AI-Enabled-Cell-Tracking-and-Migration-Analysis-for-High-Throughput-Drug-Screening\misc\examples\airway_epithelial_cell_wound_repair\Analysis,50.34809610352709,120.00196212024817,5.034809610352709,0.4195606072930349,0.8029102017458027,36.59108826739928
14,C:\Users\Alphons\OneDrive\Documents\Fast-AI-Enabled-Cell-Tracking-and-Migration-Analysis-for-High-Throughput-Drug-Screening\misc\examples\airway_epithelial_cell_wound_repair\Analysis,86.02954434378925,140.54228408468947,8.602954434378926,0.6121257022687112,0.939793423488437,19.983106521899995
15,C:\Users\Alphons\OneDrive\Documents\Fast-AI-Enabled-Cell-Tracking-and-Migration-Analysis-for-High-Throughput-Drug-Screening\misc\examples\airway_epithelial_cell_wound_repair\Analysis,134.89608558534974,161.85297557821363,13.489608558534973,0.8334482891243647,0.980754922768258,11.258912202988107
16,C:\Users\Alphons\OneDrive\Documents\Fast-AI-Enabled-Cell-Tracking-and-Migration-Analysis-for-High-Throughput-Drug-Screening\misc\examples\airway_epithelial_cell_wound_repair\Analysis,44.44319583749576,107.91708698966792,4.444319583749576,0.4118272377177007,0.9922778767136677,7.125016348901757
17,C:\Users\Alphons\OneDrive\Documents\Fast-AI-Enabled-Cell-Tracking-and-Migration-Analysis-for-High-Throughput-Drug-Screening\misc\examples\airway_epithelial_cell_wound_repair\Analysis,294.8874236997062,368.05884108387085,29.488742369970616,0.8011964142236407,0.9720658697602018,13.574423508563331
18,C:\Users\Alphons\OneDrive\Documents\Fast-AI-Enabled-Cell-Tracking-and-Migration-Analysis-for-High-Throughput-Drug-Screening\misc\examples\airway_epithelial_cell_wound_repair\Analysis,105.73389357249643,200.54402053708182,10.573389357249642,0.5272353336156715,0.9847835588179368,10.00797980144135
19,C:\Users\Alphons\OneDrive\Documents\Fast-AI-Enabled-Cell-Tracking-and-Migration-Analysis-for-High-Throughput-Drug-Screening\misc\examples\airway_epithelial_cell_wound_repair\Analysis,52.59303215493475,114.99219652655222,5.259303215493475,0.4573617492626187,0.9666204422334296,14.845452082083801
20,C:\Users\Alphons\OneDrive\Documents\Fast-AI-Enabled-Cell-Tracking-and-Migration-Analysis-for-High-Throughput-Drug-Screening\misc\examples\airway_epithelial_cell_wound_repair\Analysis,64.62673232687848,121.68318626954918,6.462673232687848,0.5311065095198868,0.966705227861512,14.826479970355644
21,C:\Users\Alphons\OneDrive\Documents\Fast-AI-Enabled-Cell-Tracking-and-Migration-Analysis-for-High-Throughput-Drug-Screening\misc\examples\airway_epithelial_cell_wound_repair\Analysis,93.30126271921512,141.09822613736173,9.330126271921511,0.6612504300967229,0.9978428725040861,3.764034864905644
22,C:\Users\Alphons\OneDrive\Documents\Fast-AI-Enabled-Cell-Tracking-and-Migration-Analysis-for-High-Throughput-Drug-Screening\misc\examples\airway_epithelial_cell_wound_repair\Analysis,101.59748551268383,130.402741130124,10.159748551268382,0.7791054438901978,0.9947342642390787,5.8824455900953
23,C:\Users\Alphons\OneDrive\Documents\Fast-AI-Enabled-Cell-Tracking-and-Migration-Analysis-for-High-Throughput-Drug-Screening\misc\examples\airway_epithelial_cell_wound_repair\Analysis,94.51174695507432,150.93916274139826,9.451174695507431,0.6261578853262877,0.900813948984243,25.73473569081997
24,C:\Users\Alphons\OneDrive\Documents\Fast-AI-Enabled-Cell-Tracking-and-Migration-Analysis-for-High-Throughput-Drug-Screening\misc\examples\airway_epithelial_cell_wound_repair\Analysis,63.99379364438399,181.2539304211211,6.399379364438399,0.35306155014516,0.09571240664425779,84.50767544287257
25,C:\Users\Alphons\OneDrive\Documents\Fast-AI-Enabled-Cell-Tracking-and-Migration-Analysis-for-High-Throughput-Drug-Screening\misc\examples\airway_epithelial_cell_wound_repair\Analysis,89.82892508123427,152.08458524175919,8.982892508123427,0.5906510836613648,0.7500368053950474,41.40643381213481
26,C:\Users\Alphons\OneDrive\Documents\Fast-AI-Enabled-Cell-Tracking-and-Migration-Analysis-for-High-Throughput-Drug-Screening\misc\examples\airway_epithelial_cell_wound_repair\Analysis,32.79020909509423,138.46917523599998,3.2790209095094225,0.23680511593434583,0.5417013337270077,57.20046872738079
27,C:\Users\Alphons\OneDrive\Documents\Fast-AI-Enabled-Cell-Tracking-and-Migration-Analysis-for-High-Throughput-Drug-Screening\misc\examples\airway_epithelial_cell_wound_repair\Analysis,26.3089962037703,101.40138812652928,2.63089962037703,0.259454004425874,0.9079593845004517,24.77514056883192
28,C:\Users\Alphons\OneDrive\Documents\Fast-AI-Enabled-Cell-Tracking-and-Migration-Analysis-for-High-Throughput-Drug-Screening\misc\examples\airway_epithelial_cell_wound_repair\Analysis,165.02527836667934,210.056384502153,16.502527836667934,0.7856237207823973,0.9501574640680012,18.165956529225525
29,C:\Users\Alphons\OneDrive\Documents\Fast-AI-Enabled-Cell-Tracking-and-Migration-Analysis-for-High-Throughput-Drug-Screening\misc\examples\airway_epithelial_cell_wound_repair\Analysis,89.15610256735094,146.02051078042308,8.915610256735095,0.6105724606142391,0.9755361382502867,12.699584489597349
30,C:\Users\Alphons\OneDrive\Documents\Fast-AI-Enabled-Cell-Tracking-and-Migration-Analysis-for-High-Throughput-Drug-Screening\misc\examples\airway_epithelial_cell_wound_repair\Analysis,115.89367567947788,163.4984548459095,11.589367567947788,0.7088365195175872,0.9988681377244376,2.726310993906212
31,C:\Users\Alphons\OneDrive\Documents\Fast-AI-Enabled-Cell-Tracking-and-Migration-Analysis-for-High-Throughput-Drug-Screening\misc\examples\airway_epithelial_cell_wound_repair\Analysis,49.914052693104374,142.2323327636374,4.991405269310437,0.35093323524442127,0.8712476277448775,29.396052854943253
32,C:\Users\Alphons\OneDrive\Documents\Fast-AI-Enabled-Cell-Tracking-and-Migration-Analysis-for-High-Throughput-Drug-Screening\misc\examples\airway_epithelial_cell_wound_repair\Analysis,161.70464008494005,210.3302949557963,16.170464008494005,0.7688128812776326,0.6060432152628562,52.69605172201657
33,C:\Users\Alphons\OneDrive\Documents\Fast-AI-Enabled-Cell-Tracking-and-Migration-Analysis-for-High-Throughput-Drug-Screening\misc\examples\airway_epithelial_cell_wound_repair\Analysis,93.48002209697,204.37159242118042,9.348002209697,0.45740222987704243,0.7666076493398992,39.94977157516718
34,C:\Users\Alphons\OneDrive\Documents\Fast-AI-Enabled-Cell-Tracking-and-Migration-Analysis-for-High-Throughput-Drug-Screening\misc\examples\airway_epithelial_cell_wound_repair\Analysis,108.85970615889059,186.55034303688745,10.88597061588906,0.5835406378071643,0.945253332301009,19.046624297635805
35,C:\Users\Alphons\OneDrive\Documents\Fast-AI-Enabled-Cell-Tracking-and-Migration-Analysis-for-High-Throughput-Drug-Screening\misc\examples\airway_epithelial_cell_wound_repair\Analysis,140.24645104689816,190.2645619798685,14.024645104689816,0.7371128369230281,0.895298947408032,26.453145500011786
36,C:\Users\Alphons\OneDrive\Documents\Fast-AI-Enabled-Cell-Tracking-and-Migration-Analysis-for-High-Throughput-Drug-Screening\misc\examples\airway_epithelial_cell_wound_repair\Analysis,209.50723436196662,235.6973266953251,20.95072343619666,0.8888825227652531,0.9647638212377321,15.255118703057791
37,C:\Users\Alphons\OneDrive\Documents\Fast-AI-Enabled-Cell-Tracking-and-Migration-Analysis-for-High-Throughput-Drug-Screening\misc\examples\airway_epithelial_cell_wound_repair\Analysis,29.635127488337215,98.32820748611097,2.9635127488337214,0.30138988847654147,0.9507298394814788,18.06047193619918
38,C:\Users\Alphons\OneDrive\Documents\Fast-AI-Enabled-Cell-Tracking-and-Migration-Analysis-for-High-Throughput-Drug-Screening\misc\examples\airway_epithelial_cell_wound_repair\Analysis,102.4853625219231,168.25295618114396,10.24853625219231,0.6091147807922355,0.9920928950048867,7.209961845615799
39,C:\Users\Alphons\OneDrive\Documents\Fast-AI-Enabled-Cell-Tracking-and-Migration-Analysis-for-High-Throughput-Drug-Screening\misc\examples\airway_epithelial_cell_wound_repair\Analysis,56.353328706031206,112.42728891130025,5.63533287060312,0.5012424407964803,0.7934313913068751,37.49265333305034
40,C:\Users\Alphons\OneDrive\Documents\Fast-AI-Enabled-Cell-Tracking-and-Migration-Analysis-for-High-Throughput-Drug-Screening\misc\examples\airway_epithelial_cell_wound_repair\Analysis,58.30343713067009,109.3637281078002,5.830343713067009,0.5331149380094303,0.9454845668267112,19.00598419603677
41,C:\Users\Alphons\OneDrive\Documents\Fast-AI-Enabled-Cell-Tracking-and-Migration-Analysis-for-High-Throughput-Drug-Screening\misc\examples\airway_epithelial_cell_wound_repair\Analysis,136.16386095895638,168.77286566288086,13.616386095895638,0.8067876339253486,0.9491321639223776,18.35344705781765
42,C:\Users\Alphons\OneDrive\Documents\Fast-AI-Enabled-Cell-Tracking-and-Migration-Analysis-for-High-Throughput-Drug-Screening\misc\examples\airway_epithelial_cell_wound_repair\Analysis,89.57171184308136,210.98268618232004,8.957171184308136,0.4245453191627214,0.895790627967078,26.38983527217266
43,C:\Users\Alphons\OneDrive\Documents\Fast-AI-Enabled-Cell-Tracking-and-Migration-Analysis-for-High-Throughput-Drug-Screening\misc\examples\airway_epithelial_cell_wound_repair\Analysis,109.8221210924739,153.86097921945648,10.98221210924739,0.7137750042252842,0.7529220814299731,41.15586442370762
44,C:\Users\Alphons\OneDrive\Documents\Fast-AI-Enabled-Cell-Tracking-and-Migration-Analysis-for-High-Throughput-Drug-Screening\misc\examples\airway_epithelial_cell_wound_repair\Analysis,131.2180294395553,157.69444093388134,13.12180294395553,0.8321030764462576,0.9989099863778919,2.675426656029223
45,C:\Users\Alphons\OneDrive\Documents\Fast-AI-Enabled-Cell-Tracking-and-Migration-Analysis-for-High-Throughput-Drug-Screening\misc\examples\airway_epithelial_cell_wound_repair\Analysis,122.82114155348013,177.84108278459306,12.282114155348014,0.6906229968372669,0.8328167179219781,33.61082030194549
46,C:\Users\Alphons\OneDrive\Documents\Fast-AI-Enabled-Cell-Tracking-and-Migration-Analysis-for-High-Throughput-Drug-Screening\misc\examples\airway_epithelial_cell_wound_repair\Analysis,153.43827952958807,190.39596422526094,15.343827952958808,0.8058903987484337,0.9979582700578467,3.6619355755198173
47,C:\Users\Alphons\OneDrive\Documents\Fast-AI-Enabled-Cell-Tracking-and-Migration-Analysis-for-High-Throughput-Drug-Screening\misc\examples\airway_epithelial_cell_wound_repair\Analysis,48.049053710765214,119.23610217265582,4.804905371076521,0.4029740391982069,-0.9815489870809552,168.97654403625688
48,C:\Users\Alphons\OneDrive\Documents\Fast-AI-Enabled-Cell-Tracking-and-Migration-Analysis-for-High-Throughput-Drug-Screening\misc\examples\airway_epithelial_cell_wound_repair\Analysis,115.63279771003555,168.07333972438056,11.563279771003554,0.6879901232382185,0.9481522731546327,18.530921563168246
49,C:\Users\Alphons\OneDrive\Documents\Fast-AI-Enabled-Cell-Tracking-and-Migration-Analysis-for-High-Throughput-Drug-Screening\misc\examples\airway_epithelial_cell_wound_repair\Analysis,94.96120671753283,188.3145256849295,9.496120671753284,0.5042691548734438,0.8320502943378436,33.6900675259798
50,C:\Users\Alphons\OneDrive\Documents\Fast-AI-Enabled-Cell-Tracking-and-Migration-Analysis-for-High-Throughput-Drug-Screening\misc\examples\airway_epithelial_cell_wound_repair\Analysis,66.87198591338529,113.22926388443688,6.687198591338529,0.5905892489209824,0.879291966536774,28.442928624363358
51,C:\Users\Alphons\OneDrive\Documents\Fast-AI-Enabled-Cell-Tracking-and-Migration-Analysis-for-High-Throughput-Drug-Screening\misc\examples\airway_epithelial_cell_wound_repair\Analysis,98.84239506659074,157.29154830478427,9.884239506659075,0.6284024547527725,0.9976741248890636,3.9085442944594035
52,C:\Users\Alphons\OneDrive\Documents\Fast-AI-Enabled-Cell-Tracking-and-Migration-Analysis-for-High-Throughput-Drug-Screening\misc\examples\airway_epithelial_cell_wound_repair\Analysis,122.08586245958213,241.6304729076885,12.208586245958212,0.5052585503411373,0.9181038470945627,23.349567185329796
53,C:\Users\Alphons\OneDrive\Documents\Fast-AI-Enabled-Cell-Tracking-and-Migration-Analysis-for-High-Throughput-Drug-Screening\misc\examples\airway_epithelial_cell_wound_repair\Analysis,9.567555852985652,115.84616620134646,0.9567555852985652,0.08258845473018726,-0.7682212795973759,140.19442890773482
54,C:\Users\Alphons\OneDrive\Documents\Fast-AI-Enabled-Cell-Tracking-and-Migration-Analysis-for-High-Throughput-Drug-Screening\misc\examples\airway_epithelial_cell_wound_repair\Analysis,81.52004546429056,198.63160301558156,8.152004546429056,0.41040823427224604,0.999294094305728,2.1529627891003265
55,C:\Users\Alphons\OneDrive\Documents\Fast-AI-Enabled-Cell-Tracking-and-Migration-Analysis-for-High-Throughput-Drug-Screening\misc\examples\airway_epithelial_cell_wound_repair\Analysis,130.10976375737528,239.95146321692098,13.010976375737528,0.5422336751485171,0.988588375579991,8.664135433108086
56,C:\Users\Alphons\OneDrive\Documents\Fast-AI-Enabled-Cell-Tracking-and-Migration-Analysis-for-High-Throughput-Drug-Screening\misc\examples\airway_epithelial_cell_wound_repair\Analysis,103.33838907322874,147.6391093013581,10.333838907322875,0.6999391256302989,0.9898306032960893,8.178128981225614
57,C:\Users\Alphons\OneDrive\Documents\Fast-AI-Enabled-Cell-Tracking-and-Migration-Analysis-for-High-Throughput-Drug-Screening\misc\examples\airway_epithelial_cell_wound_repair\Analysis,79.47644796573385,143.5045555146901,7.947644796573385,0.5538252613701736,0.9941624471449217,6.19390496715098
58,C:\Users\Alphons\OneDrive\Documents\Fast-AI-Enabled-Cell-Tracking-and-Migration-Analysis-for-High-Throughput-Drug-Screening\misc\examples\airway_epithelial_cell_wound_repair\Analysis,212.79240837609788,279.2452713052697,21.279240837609787,0.7620268997983287,0.998802079557052,2.8047553308632978
59,C:\Users\Alphons\OneDrive\Documents\Fast-AI-Enabled-Cell-Tracking-and-Migration-Analysis-for-High-Throughput-Drug-Screening\misc\examples\airway_epithelial_cell_wound_repair\Analysis,84.09337258369413,123.76232080793564,8.409337258369414,0.6794747547938845,0.9832820049844602,10.491477012331599
60,C:\Users\Alphons\OneDrive\Documents\Fast-AI-Enabled-Cell-Tracking-and-Migration-Analysis-for-High-Throughput-Drug-Screening\misc\examples\airway_epithelial_cell_wound_repair\Analysis,76.80710924940477,128.45056117054878,7.6807109249404775,0.5979507489066164,0.49442037815391804,60.36846332179612
61,C:\Users\Alphons\OneDrive\Documents\Fast-AI-Enabled-Cell-Tracking-and-Migration-Analysis-for-High-Throughput-Drug-Screening\misc\examples\airway_epithelial_cell_wound_repair\Analysis,114.57843519833915,153.85302858224347,11.457843519833915,0.7447265500990138,0.9996427320876893,1.5316077920111377
62,C:\Users\Alphons\OneDrive\Documents\Fast-AI-Enabled-Cell-Tracking-and-Migration-Analysis-for-High-Throughput-Drug-Screening\misc\examples\airway_epithelial_cell_wound_repair\Analysis,136.920809685745,192.01340870827735,13.692080968574501,0.7130794177700706,0.8320502943378436,33.6900675259798
63,C:\Users\Alphons\OneDrive\Documents\Fast-AI-Enabled-Cell-Tracking-and-Migration-Analysis-for-High-Throughput-Drug-Screening\misc\examples\airway_epithelial_cell_wound_repair\Analysis,84.53387634552197,144.49862969575892,8.453387634552197,0.5850150726239245,0.9998949965870997,0.8303154862578446
64,C:\Users\Alphons\OneDrive\Documents\Fast-AI-Enabled-Cell-Tracking-and-Migration-Analysis-for-High-Throughput-Drug-Screening\misc\examples\airway_epithelial_cell_wound_repair\Analysis,119.22214559384511,177.3232002737022,11.92221455938451,0.6723437509013098,0.9863939238321437,9.462322208025613
65,C:\Users\Alphons\OneDrive\Documents\Fast-AI-Enabled-Cell-Tracking-and-Migration-Analysis-for-High-Throughput-Drug-Screening\misc\examples\airway_epithelial_cell_wound_repair\Analysis,139.46989482501235,172.07964172709993,13.946989482501234,0.810496194815403,0.9881164689548824,8.84181456019167
66,C:\Users\Alphons\OneDrive\Documents\Fast-AI-Enabled-Cell-Tracking-and-Migration-Analysis-for-High-Throughput-Drug-Screening\misc\examples\airway_epithelial_cell_wound_repair\Analysis,36.75510381225987,93.7000643075737,3.675510381225987,0.3922633787273611,0.9998611400396,0.9548412538719732
67,C:\Users\Alphons\OneDrive\Documents\Fast-AI-Enabled-Cell-Tracking-and-Migration-Analysis-for-High-Throughput-Drug-Screening\misc\examples\airway_epithelial_cell_wound_repair\Analysis,66.26615958579463,137.4293979343216,6.626615958579462,0.4821832925256912,0.9890040468566581,8.504579240878778
68,C:\Users\Alphons\OneDrive\Documents\Fast-AI-Enabled-Cell-Tracking-and-Migration-Analysis-for-High-Throughput-Drug-Screening\misc\examples\airway_epithelial_cell_wound_repair\Analysis,39.718157450340016,107.1698650614903,3.9718157450340015,0.37060938191488,0.9561118248619791,17.037767795625626
69,C:\Users\Alphons\OneDrive\Documents\Fast-AI-Enabled-Cell-Tracking-and-Migration-Analysis-for-High-Throughput-Drug-Screening\misc\examples\airway_epithelial_cell_wound_repair\Analysis,107.38856142532127,160.2763448902004,10.738856142532127,0.6700212779302481,0.844130872011342,32.421064762506944
70,C:\Users\Alphons\OneDrive\Documents\Fast-AI-Enabled-Cell-Tracking-and-Migration-Analysis-for-High-Throughput-Drug-Screening\misc\examples\airway_epithelial_cell_wound_repair\Analysis,98.09948075805498,175.73285610080302,9.809948075805497,0.5582307312059143,0.9615239476408233,15.945395900922833
71,C:\Users\Alphons\OneDrive\Documents\Fast-AI-Enabled-Cell-Tracking-and-Migration-Analysis-for-High-Throughput-Drug-Screening\misc\examples\airway_epithelial_cell_wound_repair\Analysis,156.26434384161348,214.4655940855885,15.626434384161348,0.7286219708474629,0.9995082445571117,1.7969252726961114
72,C:\Users\Alphons\OneDrive\Documents\Fast-AI-Enabled-Cell-Tracking-and-Migration-Analysis-for-High-Throughput-Drug-Screening\misc\examples\airway_epithelial_cell_wound_repair\Analysis,118.83920662496028,150.78328262295892,11.883920662496028,0.7881457715847958,0.8091816053895012,35.98395105198978
73,C:\Users\Alphons\OneDrive\Documents\Fast-AI-Enabled-Cell-Tracking-and-Migration-Analysis-for-High-Throughput-Drug-Screening\misc\examples\airway_epithelial_cell_wound_repair\Analysis,71.47378999500447,131.53834935844034,7.147378999500447,0.5433684575153007,0.9512228189487625,17.969139740157015
74,C:\Users\Alphons\OneDrive\Documents\Fast-AI-Enabled-Cell-Tracking-and-Migration-Analysis-for-High-Throughput-Drug-Screening\misc\examples\airway_epithelial_cell_wound_repair\Analysis,74.14286568005043,106.20548611265012,7.414286568005044,0.6981076815693732,0.9748072095282795,12.888185125765693
75,C:\Users\Alphons\OneDrive\Documents\Fast-AI-Enabled-Cell-Tracking-and-Migration-Analysis-for-High-Throughput-Drug-Screening\misc\examples\airway_epithelial_cell_wound_repair\Analysis,81.66488018879353,160.58611174088702,8.166488018879352,0.5085426087192616,0.36750803932629134,68.43798652796853
76,C:\Users\Alphons\OneDrive\Documents\Fast-AI-Enabled-Cell-Tracking-and-Migration-Analysis-for-High-Throughput-Drug-Screening\misc\examples\airway_epithelial_cell_wound_repair\Analysis,51.81692080054546,122.007761836098,5.181692080054546,0.42470183880723045,0.5437413023527908,57.0613094570445
77,C:\Users\Alphons\OneDrive\Documents\Fast-AI-Enabled-Cell-Tracking-and-Migration-Analysis-for-High-Throughput-Drug-Screening\misc\examples\airway_epithelial_cell_wound_repair\Analysis,113.94804874371479,151.95686166437847,11.394804874371479,0.7498710324472722,0.9729214429054892,13.363964001372405
78,C:\Users\Alphons\OneDrive\Documents\Fast-AI-Enabled-Cell-Tracking-and-Migration-Analysis-for-High-Throughput-Drug-Screening\misc\examples\airway_epithelial_cell_wound_repair\Analysis,44.16800312443387,136.05959055149322,4.416800312443387,0.3246224903765091,-0.9984603532054125,176.82016988013584
79,C:\Users\Alphons\OneDrive\Documents\Fast-AI-Enabled-Cell-Tracking-and-Migration-Analysis-for-High-Throughput-Drug-Screening\misc\examples\airway_epithelial_cell_wound_repair\Analysis,30.953982982808533,148.85013405536392,3.0953982982808532,0.2079540148166436,-0.4551110597891078,117.07208023799276
80,C:\Users\Alphons\OneDrive\Documents\Fast-AI-Enabled-Cell-Tracking-and-Migration-Analysis-for-High-Throughput-Drug-Screening\misc\examples\airway_epithelial_cell_wound_repair\Analysis,43.01477217189463,158.0254073076629,4.301477217189463,0.27220162190848396,-0.3417430630867044,109.98310652189998
81,C:\Users\Alphons\OneDrive\Documents\Fast-AI-Enabled-Cell-Tracking-and-Migration-Analysis-for-High-Throughput-Drug-Screening\misc\examples\airway_epithelial_cell_wound_repair\Analysis,40.44355634708699,142.69459067473898,4.044355634708699,0.2834273966227275,-0.030289126640769135,91.73570458892839
82,C:\Users\Alphons\OneDrive\Documents\Fast-AI-Enabled-Cell-Tracking-and-Migration-Analysis-for-High-Throughput-Drug-Screening\misc\examples\airway_epithelial_cell_wound_repair\Analysis,53.09354068528488,105.2591975218513,5.309354068528488,0.5044076141114692,0.9805806756909201,11.309932474020227
83,C:\Users\Alphons\OneDrive\Documents\Fast-AI-Enabled-Cell-Tracking-and-Migration-Analysis-for-High-Throughput-Drug-Screening\misc\examples\airway_epithelial_cell_wound_repair\Analysis,54.73228166493701,111.20900755806451,5.473228166493701,0.49215691126782296,0.5259693022891472,58.26648084658371
84,C:\Users\Alphons\OneDrive\Documents\Fast-AI-Enabled-Cell-Tracking-and-Migration-Analysis-for-High-Throughput-Drug-Screening\misc\examples\airway_epithelial_cell_wound_repair\Analysis,38.46578024686358,106.90899488095044,3.846578024686358,0.359799288073913,0.9872411207126471,9.162347045721706
85,C:\Users\Alphons\OneDrive\Documents\Fast-AI-Enabled-Cell-Tracking-and-Migration-Analysis-for-High-Throughput-Drug-Screening\misc\examples\airway_epithelial_cell_wound_repair\Analysis,69.39384428751589,136.7014951376888,6.939384428751589,0.5076304704467267,0.9356017189507422,20.674424760873897
86,C:\Users\Alphons\OneDrive\Documents\Fast-AI-Enabled-Cell-Tracking-and-Migration-Analysis-for-High-Throughput-Drug-Screening\misc\examples\airway_epithelial_cell_wound_repair\Analysis,100.22004929778274,147.73973706436175,10.022004929778273,0.678355405858903,0.9900713549359156,8.08058138160108
87,C:\Users\Alphons\OneDrive\Documents\Fast-AI-Enabled-Cell-Tracking-and-Migration-Analysis-for-High-Throughput-Drug-Screening\misc\examples\airway_epithelial_cell_wound_repair\Analysis,133.87013880063023,182.6364321435884,13.387013880063023,0.7329870455166458,0.965394532028315,15.117167654587186
88,C:\Users\Alphons\OneDrive\Documents\Fast-AI-Enabled-Cell-Tracking-and-Migration-Analysis-for-High-Throughput-Drug-Screening\misc\examples\airway_epithelial_cell_wound_repair\Analysis,154.53461181884143,231.83971718814905,15.453461181884142,0.6665579724350215,0.9908783423839451,7.744710546422931
89,C:\Users\Alphons\OneDrive\Documents\Fast-AI-Enabled-Cell-Tracking-and-Migration-Analysis-for-High-Throughput-Drug-Screening\misc\examples\airway_epithelial_cell_wound_repair\Analysis,70.42684702050775,119.91123335834689,7.042684702050775,0.5873248489575761,0.9914542955425437,7.495857639729885
90,C:\Users\Alphons\OneDrive\Documents\Fast-AI-Enabled-Cell-Tracking-and-Migration-Analysis-for-High-Throughput-Drug-Screening\misc\examples\airway_epithelial_cell_wound_repair\Analysis,102.1168111772004,145.0865561051931,10.21168111772004,0.7038337246296062,0.9836774067072265,10.366322603450476
91,C:\Users\Alphons\OneDrive\Documents\Fast-AI-Enabled-Cell-Tracking-and-Migration-Analysis-for-High-Throughput-Drug-Screening\misc\examples\airway_epithelial_cell_wound_repair\Analysis,33.959244875291326,114.92916526493855,3.3959244875291326,0.29547978354325766,0.6312713983695757,50.85601358542896
92,C:\Users\Alphons\OneDrive\Documents\Fast-AI-Enabled-Cell-Tracking-and-Migration-Analysis-for-High-Throughput-Drug-Screening\misc\examples\airway_epithelial_cell_wound_repair\Analysis,109.26560529279102,167.85967469454621,10.926560529279103,0.6509342133041861,0.9417419115948374,19.653824058053313
93,C:\Users\Alphons\OneDrive\Documents\Fast-AI-Enabled-Cell-Tracking-and-Migration-Analysis-for-High-Throughput-Drug-Screening\misc\examples\airway_epithelial_cell_wound_repair\Analysis,90.62516551709024,132.36689817686485,9.062516551709024,0.6846512743389929,0.9867568184814636,9.334998463138255
94,C:\Users\Alphons\OneDrive\Documents\Fast-AI-Enabled-Cell-Tracking-and-Migration-Analysis-for-High-Throughput-Drug-Screening\misc\examples\airway_epithelial_cell_wound_repair\Analysis,161.20390281022975,186.90856594689117,16.120390281022974,0.8624746650511179,0.9992779156819375,2.1774977926735493
95,C:\Users\Alphons\OneDrive\Documents\Fast-AI-Enabled-Cell-Tracking-and-Migration-Analysis-for-High-Throughput-Drug-Screening\misc\examples\airway_epithelial_cell_wound_repair\Analysis,71.11333384112996,134.5734117194379,7.111333384112996,0.5284352453617575,0.9818833716331152,10.922804719869259
96,C:\Users\Alphons\OneDrive\Documents\Fast-AI-Enabled-Cell-Tracking-and-Migration-Analysis-for-High-Throughput-Drug-Screening\misc\examples\airway_epithelial_cell_wound_repair\Analysis,189.82559841206879,231.89871063527963,18.98255984120688,0.8185711679553853,0.9841270174450971,10.222168633636144
97,C:\Users\Alphons\OneDrive\Documents\Fast-AI-Enabled-Cell-Tracking-and-Migration-Analysis-for-High-Throughput-Drug-Screening\misc\examples\airway_epithelial_cell_wound_repair\Analysis,117.95834076592466,163.75372002718353,11.795834076592467,0.720339915003722,0.9502295409734977,18.152705886651166
98,C:\Users\Alphons\OneDrive\Documents\Fast-AI-Enabled-Cell-Tracking-and-Migration-Analysis-for-High-Throughput-Drug-Screening\misc\examples\airway_epithelial_cell_wound_repair\Analysis,47.95526887110529,130.11565293463553,4.795526887110529,0.36855879972562516,0.8812900228668016,151.7983717813053
99,C:\Users\Alphons\OneDrive\Documents\Fast-AI-Enabled-Cell-Tracking-and-Migration-Analysis-for-High-Throughput-Drug-Screening\misc\examples\airway_epithelial_cell_wound_repair\Analysis,131.48650358496874,172.29695072989614,13.148650358496875,0.7631388891559405,0.9316545551067793,158.69421638217122
100,C:\Users\Alphons\OneDrive\Documents\Fast-AI-Enabled-Cell-Tracking-and-Migration-Analysis-for-High-Throughput-Drug-Screening\misc\examples\airway_epithelial_cell_wound_repair\Analysis,127.94361184717275,173.95135962966143,12.794361184717275,0.7355137213044028,0.8856440611927585,152.33088417729616
101,C:\Users\Alphons\OneDrive\Documents\Fast-AI-Enabled-Cell-Tracking-and-Migration-Analysis-for-High-Throughput-Drug-Screening\misc\examples\airway_epithelial_cell_wound_repair\Analysis,104.40026116466377,184.84163925118264,10.440026116466377,0.5648092149994055,0.9504286569120631,161.88394832664414
102,C:\Users\Alphons\OneDrive\Documents\Fast-AI-Enabled-Cell-Tracking-and-Migration-Analysis-for-High-Throughput-Drug-Screening\misc\examples\airway_epithelial_cell_wound_repair\Analysis,39.2430427751213,116.4070139532492,3.9243042775121304,0.33711922883686285,0.9989031743698379,177.31622484053096
103,C:\Users\Alphons\OneDrive\Documents\Fast-AI-Enabled-Cell-Tracking-and-Migration-Analysis-for-High-Throughput-Drug-Screening\misc\examples\airway_epithelial_cell_wound_repair\Analysis,88.13404652147774,130.02428033639896,8.813404652147774,0.6778276049169989,0.9937986902559326,173.6158360604875
104,C:\Users\Alphons\OneDrive\Documents\Fast-AI-Enabled-Cell-Tracking-and-Migration-Analysis-for-High-Throughput-Drug-Screening\misc\examples\airway_epithelial_cell_wound_repair\Analysis,228.18728396319545,244.6743069288478,22.818728396319546,0.9326164517533636,0.952890521432696,162.3432142547525
105,C:\Users\Alphons\OneDrive\Documents\Fast-AI-Enabled-Cell-Tracking-and-Migration-Analysis-for-High-Throughput-Drug-Screening\misc\examples\airway_epithelial_cell_wound_repair\Analysis,95.2826387648873,134.0089351120672,9.52826387648873,0.7110170578193581,0.9899494936611665,171.869897645844
106,C:\Users\Alphons\OneDrive\Documents\Fast-AI-Enabled-Cell-Tracking-and-Migration-Analysis-for-High-Throughput-Drug-Screening\misc\examples\airway_epithelial_cell_wound_repair\Analysis,78.32818976907356,135.67514940240628,7.832818976907356,0.5773215663596267,0.9774577993659862,167.81136679806812
107,C:\Users\Alphons\OneDrive\Documents\Fast-AI-Enabled-Cell-Tracking-and-Migration-Analysis-for-High-Throughput-Drug-Screening\misc\examples\airway_epithelial_cell_wound_repair\Analysis,90.86701220052304,146.8872607246512,9.086701220052303,0.6186173787450402,0.9908711403573777,172.25222796389187
108,C:\Users\Alphons\OneDrive\Documents\Fast-AI-Enabled-Cell-Tracking-and-Migration-Analysis-for-High-Throughput-Drug-Screening\misc\examples\airway_epithelial_cell_wound_repair\Analysis,36.877383397551405,109.58226449800692,3.6877383397551404,0.33652693313544485,-0.19930915164897592,78.50343698241423
109,C:\Users\Alphons\OneDrive\Documents\Fast-AI-Enabled-Cell-Tracking-and-Migration-Analysis-for-High-Throughput-Drug-Screening\misc\examples\airway_epithelial_cell_wound_repair\Analysis,57.80260861327973,125.2969798816871,5.780260861327973,0.4613248353460747,0.4344527107420302,115.75047412731828
110,C:\Users\Alphons\OneDrive\Documents\Fast-AI-Enabled-Cell-Tracking-and-Migration-Analysis-for-High-Throughput-Drug-Screening\misc\examples\airway_epithelial_cell_wound_repair\Analysis,154.52975643868726,196.92508575755687,15.452975643868726,0.7847134144653141,0.9750549245172939,167.17560189776486
111,C:\Users\Alphons\OneDrive\Documents\Fast-AI-Enabled-Cell-Tracking-and-Migration-Analysis-for-High-Throughput-Drug-Screening\misc\examples\airway_epithelial_cell_wound_repair\Analysis,39.31944692197489,114.94517280115505,3.9319446921974888,0.34207131942803753,0.9969621413492434,175.53284093861066
112,C:\Users\Alphons\OneDrive\Documents\Fast-AI-Enabled-Cell-Tracking-and-Migration-Analysis-for-High-Throughput-Drug-Screening\misc\examples\airway_epithelial_cell_wound_repair\Analysis,48.24774120360455,128.3130969316712,4.824774120360455,0.37601571747034723,0.9394222168604612,159.954750574579
113,C:\Users\Alphons\OneDrive\Documents\Fast-AI-Enabled-Cell-Tracking-and-Migration-Analysis-for-High-Throughput-Drug-Screening\misc\examples\airway_epithelial_cell_wound_repair\Analysis,68.6027343205065,153.82519830548515,6.86027343205065,0.44597852026991497,-0.6071186580612739,52.61854648756894
114,C:\Users\Alphons\OneDrive\Documents\Fast-AI-Enabled-Cell-Tracking-and-Migration-Analysis-for-High-Throughput-Drug-Screening\misc\examples\airway_epithelial_cell_wound_repair\Analysis,159.56183411533598,198.06001238985579,15.956183411533598,0.8056236702704984,0.8598547438407346,149.3002774491856
115,C:\Users\Alphons\OneDrive\Documents\Fast-AI-Enabled-Cell-Tracking-and-Migration-Analysis-for-High-Throughput-Drug-Screening\misc\examples\airway_epithelial_cell_wound_repair\Analysis,115.25420816612295,154.24840749546522,11.525420816612295,0.7471986909784551,0.9990958406831207,177.56335175318986
116,C:\Users\Alphons\OneDrive\Documents\Fast-AI-Enabled-Cell-Tracking-and-Migration-Analysis-for-High-Throughput-Drug-Screening\misc\examples\airway_epithelial_cell_wound_repair\Analysis,46.40874951181081,103.3450124781665,4.640874951181081,0.44906617551200645,0.9238559636063565,157.4964715002326
117,C:\Users\Alphons\OneDrive\Documents\Fast-AI-Enabled-Cell-Tracking-and-Migration-Analysis-for-High-Throughput-Drug-Screening\misc\examples\airway_epithelial_cell_wound_repair\Analysis,54.222684655501894,145.8667829574611,5.422268465550189,0.37172743208654135,0.9714568788813217,166.27770286686643
118,C:\Users\Alphons\OneDrive\Documents\Fast-AI-Enabled-Cell-Tracking-and-Migration-Analysis-for-High-Throughput-Drug-Screening\misc\examples\airway_epithelial_cell_wound_repair\Analysis,73.63258874302873,129.8937239329345,7.363258874302874,0.5668679479929762,0.7153761792055299,135.6740368979845
119,C:\Users\Alphons\OneDrive\Documents\Fast-AI-Enabled-Cell-Tracking-and-Migration-Analysis-for-High-Throughput-Drug-Screening\misc\examples\airway_epithelial_cell_wound_repair\Analysis,79.01487399534344,121.37087783264597,7.901487399534344,0.651020042091928,0.9999699550828421,179.55585556688857
120,C:\Users\Alphons\OneDrive\Documents\Fast-AI-Enabled-Cell-Tracking-and-Migration-Analysis-for-High-Throughput-Drug-Screening\misc\examples\airway_epithelial_cell_wound_repair\Analysis,57.52284872118209,143.48360204914724,5.752284872118209,0.4009019002845975,0.8944271909999159,153.434948822922
121,C:\Users\Alphons\OneDrive\Documents\Fast-AI-Enabled-Cell-Tracking-and-Migration-Analysis-for-High-Throughput-Drug-Screening\misc\examples\airway_epithelial_cell_wound_repair\Analysis,100.25560458148962,131.9998487926662,10.025560458148963,0.7595130259502216,0.8919700836007997,153.12186024790137
122,C:\Users\Alphons\OneDrive\Documents\Fast-AI-Enabled-Cell-Tracking-and-Migration-Analysis-for-High-Throughput-Drug-Screening\misc\examples\airway_epithelial_cell_wound_repair\Analysis,79.22113926377227,124.80931760143979,7.922113926377227,0.6347373800788924,0.9509772353709605,161.98530608179473
123,C:\Users\Alphons\OneDrive\Documents\Fast-AI-Enabled-Cell-Tracking-and-Migration-Analysis-for-High-Throughput-Drug-Screening\misc\examples\airway_epithelial_cell_wound_repair\Analysis,114.07966651643054,179.42995233607996,11.407966651643054,0.6357894266323743,0.9288465090730131,158.25571490101467
124,C:\Users\Alphons\OneDrive\Documents\Fast-AI-Enabled-Cell-Tracking-and-Migration-Analysis-for-High-Throughput-Drug-Screening\misc\examples\airway_epithelial_cell_wound_repair\Analysis,101.18863340934101,174.5862096561887,10.118863340934102,0.579591215185959,0.8050558373533679,143.61564818416412
125,C:\Users\Alphons\OneDrive\Documents\Fast-AI-Enabled-Cell-Tracking-and-Migration-Analysis-for-High-Throughput-Drug-Screening\misc\examples\airway_epithelial_cell_wound_repair\Analysis,103.18580101569208,158.16781881693962,10.318580101569207,0.6523817663257868,0.9794225465636579,168.35656850123834
126,C:\Users\Alphons\OneDrive\Documents\Fast-AI-Enabled-Cell-Tracking-and-Migration-Analysis-for-High-Throughput-Drug-Screening\misc\examples\airway_epithelial_cell_wound_repair\Analysis,99.1890752867976,139.57994312126593,9.91890752867976,0.7106255602971763,0.9880120337511014,171.11934084947973
127,C:\Users\Alphons\OneDrive\Documents\Fast-AI-Enabled-Cell-Tracking-and-Migration-Analysis-for-High-Throughput-Drug-Screening\misc\examples\airway_epithelial_cell_wound_repair\Analysis,129.60708410422635,159.81572991382234,12.960708410422635,0.8109782696241137,0.9924226047440696,172.94215335011893
128,C:\Users\Alphons\OneDrive\Documents\Fast-AI-Enabled-Cell-Tracking-and-Migration-Analysis-for-High-Throughput-Drug-Screening\misc\examples\airway_epithelial_cell_wound_repair\Analysis,84.7045647013784,125.36115553341381,8.47045647013784,0.6756843006189522,0.9978801059658184,176.26860300083962
129,C:\Users\Alphons\OneDrive\Documents\Fast-AI-Enabled-Cell-Tracking-and-Migration-Analysis-for-High-Throughput-Drug-Screening\misc\examples\airway_epithelial_cell_wound_repair\Analysis,56.169956938740846,143.63319321691472,5.616995693874085,0.39106529403626794,0.4252718232640234,115.16787014978162
130,C:\Users\Alphons\OneDrive\Documents\Fast-AI-Enabled-Cell-Tracking-and-Migration-Analysis-for-High-Throughput-Drug-Screening\misc\examples\airway_epithelial_cell_wound_repair\Analysis,17.01824388707601,97.69372244349854,1.701824388707601,0.17419997376923133,0.8637789008984335,149.74356283647074
131,C:\Users\Alphons\OneDrive\Documents\Fast-AI-Enabled-Cell-Tracking-and-Migration-Analysis-for-High-Throughput-Drug-Screening\misc\examples\airway_epithelial_cell_wound_repair\Analysis,119.31808132571526,187.34129320170572,11.931808132571526,0.6369021975163182,0.9753341547817785,167.2478802497924
132,C:\Users\Alphons\OneDrive\Documents\Fast-AI-Enabled-Cell-Tracking-and-Migration-Analysis-for-High-Throughput-Drug-Screening\misc\examples\airway_epithelial_cell_wound_repair\Analysis,76.14978763102364,123.73955908900426,7.614978763102364,0.6154037414684022,0.9973763862350912,175.84871473357828
133,C:\Users\Alphons\OneDrive\Documents\Fast-AI-Enabled-Cell-Tracking-and-Migration-Analysis-for-High-Throughput-Drug-Screening\misc\examples\airway_epithelial_cell_wound_repair\Analysis,153.63863853210887,181.1538199981667,15.363863853210887,0.8481115028855792,0.9647638212377321,164.7448812969422
134,C:\Users\Alphons\OneDrive\Documents\Fast-AI-Enabled-Cell-Tracking-and-Migration-Analysis-for-High-Throughput-Drug-Screening\misc\examples\airway_epithelial_cell_wound_repair\Analysis,67.16586861085025,110.71424084016176,6.716586861085025,0.6066597043086596,0.9757560105373639,167.35784767211015
135,C:\Users\Alphons\OneDrive\Documents\Fast-AI-Enabled-Cell-Tracking-and-Migration-Analysis-for-High-Throughput-Drug-Screening\misc\examples\airway_epithelial_cell_wound_repair\Analysis,168.16443775364638,220.7212856237311,16.81644377536464,0.7618859109053957,0.7794454151597688,141.20982614718625
136,C:\Users\Alphons\OneDrive\Documents\Fast-AI-Enabled-Cell-Tracking-and-Migration-Analysis-for-High-Throughput-Drug-Screening\misc\examples\airway_epithelial_cell_wound_repair\Analysis,63.59685158284175,130.36510116960332,6.359685158284175,0.48783647626754845,0.8764191719050102,151.21338168998594
137,C:\Users\Alphons\OneDrive\Documents\Fast-AI-Enabled-Cell-Tracking-and-Migration-Analysis-for-High-Throughput-Drug-Screening\misc\examples\airway_epithelial_cell_wound_repair\Analysis,24.66025712051681,105.80150240342559,2.466025712051681,0.23308040585743492,-0.968663866044045,14.381394591090594
138,C:\Users\Alphons\OneDrive\Documents\Fast-AI-Enabled-Cell-Tracking-and-Migration-Analysis-for-High-Throughput-Drug-Screening\misc\examples\airway_epithelial_cell_wound_repair\Analysis,48.422376671328315,117.88659571366152,4.8422376671328315,0.41075388069516366,0.8221921916437785,145.30484646876602
139,C:\Users\Alphons\OneDrive\Documents\Fast-AI-Enabled-Cell-Tracking-and-Migration-Analysis-for-High-Throughput-Drug-Screening\misc\examples\airway_epithelial_cell_wound_repair\Analysis,52.439444242859786,136.01878663035293,5.243944424285979,0.38553089276829206,0.9227309842550152,157.32865637801913
140,C:\Users\Alphons\OneDrive\Documents\Fast-AI-Enabled-Cell-Tracking-and-Migration-Analysis-for-High-Throughput-Drug-Screening\misc\examples\airway_epithelial_cell_wound_repair\Analysis,167.5755673755873,208.84489958226217,16.75755673755873,0.8023924343413557,0.9978334110319701,176.22771639062017
141,C:\Users\Alphons\OneDrive\Documents\Fast-AI-Enabled-Cell-Tracking-and-Migration-Analysis-for-High-Throughput-Drug-Screening\misc\examples\airway_epithelial_cell_wound_repair\Analysis,52.19204471229308,94.37704285665994,5.219204471229308,0.5530163176606674,0.9975179222617703,175.96228937902296
142,C:\Users\Alphons\OneDrive\Documents\Fast-AI-Enabled-Cell-Tracking-and-Migration-Analysis-for-High-Throughput-Drug-Screening\misc\examples\airway_epithelial_cell_wound_repair\Analysis,90.80093009573196,167.0591669214599,9.080093009573195,0.5435255770096142,0.917391483899739,156.54766544326148
143,C:\Users\Alphons\OneDrive\Documents\Fast-AI-Enabled-Cell-Tracking-and-Migration-Analysis-for-High-Throughput-Drug-Screening\misc\examples\airway_epithelial_cell_wound_repair\Analysis,62.98930464769396,111.62210718877577,6.298930464769397,0.5643085069265552,0.9723873019805175,166.5042667192042
144,C:\Users\Alphons\OneDrive\Documents\Fast-AI-Enabled-Cell-Tracking-and-Migration-Analysis-for-High-Throughput-Drug-Screening\misc\examples\airway_epithelial_cell_wound_repair\Analysis,68.64373605799732,128.9017935261411,6.864373605799732,0.532527392988341,0.9993628543475496,177.9545915111128
145,C:\Users\Alphons\OneDrive\Documents\Fast-AI-Enabled-Cell-Tracking-and-Migration-Analysis-for-High-Throughput-Drug-Screening\misc\examples\airway_epithelial_cell_wound_repair\Analysis,166.75867902825928,204.4712688251457,16.675867902825928,0.8155604451736617,0.9880295344152913,171.12583844295534
146,C:\Users\Alphons\OneDrive\Documents\Fast-AI-Enabled-Cell-Tracking-and-Migration-Analysis-for-High-Throughput-Drug-Screening\misc\examples\airway_epithelial_cell_wound_repair\Analysis,53.638356436882,139.35827306938904,5.3638356436881995,0.38489538694394176,0.993458851833112,173.4430535018366
147,C:\Users\Alphons\OneDrive\Documents\Fast-AI-Enabled-Cell-Tracking-and-Migration-Analysis-for-High-Throughput-Drug-Screening\misc\examples\airway_epithelial_cell_wound_repair\Analysis,123.00427457003273,208.04243915452932,12.300427457003273,0.5912460701283544,0.9809618439829143,168.801973203046
148,C:\Users\Alphons\OneDrive\Documents\Fast-AI-Enabled-Cell-Tracking-and-Migration-Analysis-for-High-Throughput-Drug-Screening\misc\examples\airway_epithelial_cell_wound_repair\Analysis,91.73810634763507,126.85184787870284,9.173810634763507,0.723190934004809,0.9881389927157231,171.16658534878098
149,C:\Users\Alphons\OneDrive\Documents\Fast-AI-Enabled-Cell-Tracking-and-Migration-Analysis-for-High-Throughput-Drug-Screening\misc\examples\airway_epithelial_cell_wound_repair\Analysis,45.527335538662925,89.9790363522341,4.552733553866292,0.5059771407246519,0.9417419115948374,160.3461759419467
150,C:\Users\Alphons\OneDrive\Documents\Fast-AI-Enabled-Cell-Tracking-and-Migration-Analysis-for-High-Throughput-Drug-Screening\misc\examples\airway_epithelial_cell_wound_repair\Analysis,80.81751241222413,128.73505887410698,8.081751241222413,0.6277816868150692,0.8867199430053309,152.46392689184285
151,C:\Users\Alphons\OneDrive\Documents\Fast-AI-Enabled-Cell-Tracking-and-Migration-Analysis-for-High-Throughput-Drug-Screening\misc\examples\airway_epithelial_cell_wound_repair\Analysis,134.22696787996816,166.582384073789,13.422696787996816,0.8057692812255061,0.8213699656732957,145.22216863363613
152,C:\Users\Alphons\OneDrive\Documents\Fast-AI-Enabled-Cell-Tracking-and-Migration-Analysis-for-High-Throughput-Drug-Screening\misc\examples\airway_epithelial_cell_wound_repair\Analysis,97.51646335363071,145.21072648627194,9.751646335363072,0.6715513771832125,0.4522313308274636,116.8869341924767
153,C:\Users\Alphons\OneDrive\Documents\Fast-AI-Enabled-Cell-Tracking-and-Migration-Analysis-for-High-Throughput-Drug-Screening\misc\examples\airway_epithelial_cell_wound_repair\Analysis,35.950149947531514,111.80841877201749,3.5950149947531513,0.32153347970008883,-0.15333732983159673,81.17962044797895
154,C:\Users\Alphons\OneDrive\Documents\Fast-AI-Enabled-Cell-Tracking-and-Migration-Analysis-for-High-Throughput-Drug-Screening\misc\examples\airway_epithelial_cell_wound_repair\Analysis,80.0713451398189,125.26649246065799,8.00713451398189,0.6392080081987339,-0.9714773726377283,13.71734631836033
155,C:\Users\Alphons\OneDrive\Documents\Fast-AI-Enabled-Cell-Tracking-and-Migration-Analysis-for-High-Throughput-Drug-Screening\misc\examples\airway_epithelial_cell_wound_repair\Analysis,19.1742829070607,132.4745730018624,1.91742829070607,0.1447393448612296,0.8944271909999159,153.434948822922
156,C:\Users\Alphons\OneDrive\Documents\Fast-AI-Enabled-Cell-Tracking-and-Migration-Analysis-for-High-Throughput-Drug-Screening\misc\examples\airway_epithelial_cell_wound_repair\Analysis,57.14661106531166,115.47755743558326,5.714661106531166,0.49487201092896077,0.9539060844342776,162.53607310815715
157,C:\Users\Alphons\OneDrive\Documents\Fast-AI-Enabled-Cell-Tracking-and-Migration-Analysis-for-High-Throughput-Drug-Screening\misc\examples\airway_epithelial_cell_wound_repair\Analysis,118.78868646150609,158.15089342892978,11.87886864615061,0.7511098033403626,0.9178062595660569,156.6074502424536
158,C:\Users\Alphons\OneDrive\Documents\Fast-AI-Enabled-Cell-Tracking-and-Migration-Analysis-for-High-Throughput-Drug-Screening\misc\examples\airway_epithelial_cell_wound_repair\Analysis,103.18580101569208,141.8944819319181,10.318580101569207,0.7272009426356782,0.9794225465636579,168.35656850123834
159,C:\Users\Alphons\OneDrive\Documents\Fast-AI-Enabled-Cell-Tracking-and-Migration-Analysis-for-High-Throughput-Drug-Screening\misc\examples\airway_epithelial_cell_wound_repair\Analysis,80.85232004247003,127.8111821219083,8.085232004247002,0.6325919117573908,0.9090648228942843,155.3764352138364
160,C:\Users\Alphons\OneDrive\Documents\Fast-AI-Enabled-Cell-Tracking-and-Migration-Analysis-for-High-Throughput-Drug-Screening\misc\examples\airway_epithelial_cell_wound_repair\Analysis,255.90774827073918,303.6599836806227,25.59077482707392,0.842744391832322,0.9765237734639312,167.56043798115346
161,C:\Users\Alphons\OneDrive\Documents\Fast-AI-Enabled-Cell-Tracking-and-Migration-Analysis-for-High-Throughput-Drug-Screening\misc\examples\airway_epithelial_cell_wound_repair\Analysis,121.66414837576434,159.71727086146788,12.166414837576434,0.7617469777660474,0.9061831399952655,154.9831065219
162,C:\Users\Alphons\OneDrive\Documents\Fast-AI-Enabled-Cell-Tracking-and-Migration-Analysis-for-High-Throughput-Drug-Screening\misc\examples\airway_epithelial_cell_wound_repair\Analysis,207.72781958912006,237.94320351462028,20.772781958912006,0.8730143013996883,0.9995652022473509,178.31034898833022
163,C:\Users\Alphons\OneDrive\Documents\Fast-AI-Enabled-Cell-Tracking-and-Migration-Analysis-for-High-Throughput-Drug-Screening\misc\examples\airway_epithelial_cell_wound_repair\Analysis,171.50437494419785,218.50839775411305,17.150437494419783,0.7848868817261262,0.8856916918266575,152.336761672182
164,C:\Users\Alphons\OneDrive\Documents\Fast-AI-Enabled-Cell-Tracking-and-Migration-Analysis-for-High-Throughput-Drug-Screening\misc\examples\airway_epithelial_cell_wound_repair\Analysis,59.94056561503237,106.98955602920996,5.994056561503237,0.5602468861415556,0.9809717241849596,168.80488857370003
165,C:\Users\Alphons\OneDrive\Documents\Fast-AI-Enabled-Cell-Tracking-and-Migration-Analysis-for-High-Throughput-Drug-Screening\misc\examples\airway_epithelial_cell_wound_repair\Analysis,28.101670880038434,115.41375584131005,2.810167088003843,0.24348632167102563,0.2833461410174024,106.46001481204003
166,C:\Users\Alphons\OneDrive\Documents\Fast-AI-Enabled-Cell-Tracking-and-Migration-Analysis-for-High-Throughput-Drug-Screening\misc\examples\airway_epithelial_cell_wound_repair\Analysis,179.53878498112883,224.605876068042,17.953878498112882,0.7993503470351747,0.9859290293103279,170.37700580845058
167,C:\Users\Alphons\OneDrive\Documents\Fast-AI-Enabled-Cell-Tracking-and-Migration-Analysis-for-High-Throughput-Drug-Screening\misc\examples\airway_epithelial_cell_wound_repair\Analysis,71.11333384112996,118.1562176199733,7.111333384112996,0.601858584114907,0.7407190347407712,137.7927023657133
168,C:\Users\Alphons\OneDrive\Documents\Fast-AI-Enabled-Cell-Tracking-and-Migration-Analysis-for-High-Throughput-Drug-Screening\misc\examples\airway_epithelial_cell_wound_repair\Analysis,60.85981971917104,129.69944100537882,6.085981971917104,0.469237332461958,-0.8755776840267943,28.8865817669107
169,C:\Users\Alphons\OneDrive\Documents\Fast-AI-Enabled-Cell-Tracking-and-Migration-Analysis-for-High-Throughput-Drug-Screening\misc\examples\airway_epithelial_cell_wound_repair\Analysis,79.98462059202382,127.79103322084123,7.998462059202382,0.6259016659940367,0.8959534904282123,153.63116647881594
170,C:\Users\Alphons\OneDrive\Documents\Fast-AI-Enabled-Cell-Tracking-and-Migration-Analysis-for-High-Throughput-Drug-Screening\misc\examples\airway_epithelial_cell_wound_repair\Analysis,81.44177367911385,125.20650358130223,8.144177367911386,0.6504596115187422,0.962650940153899,164.29136217098429
171,C:\Users\Alphons\OneDrive\Documents\Fast-AI-Enabled-Cell-Tracking-and-Migration-Analysis-for-High-Throughput-Drug-Screening\misc\examples\airway_epithelial_cell_wound_repair\Analysis,40.44355634708699,147.95231465505145,4.044355634708699,0.2733553472372536,0.030289126640769135,91.73570458892839
172,C:\Users\Alphons\OneDrive\Documents\Fast-AI-Enabled-Cell-Tracking-and-Migration-Analysis-for-High-Throughput-Drug-Screening\misc\examples\airway_epithelial_cell_wound_repair\Analysis,44.75024092113919,109.00950908641548,4.475024092113919,0.41051685578791275,0.8622858604940378,149.57421619803876
173,C:\Users\Alphons\OneDrive\Documents\Fast-AI-Enabled-Cell-Tracking-and-Migration-Analysis-for-High-Throughput-Drug-Screening\misc\examples\airway_epithelial_cell_wound_repair\Analysis,31.261510380178375,127.62474618695836,3.1261510380178374,0.24494865858054812,-0.9992319507315425,2.245742565895211
174,C:\Users\Alphons\OneDrive\Documents\Fast-AI-Enabled-Cell-Tracking-and-Migration-Analysis-for-High-Throughput-Drug-Screening\misc\examples\airway_epithelial_cell_wound_repair\Analysis,46.74703366257585,140.90047870382247,4.674703366257585,0.33177341974004,0.9302729305541941,158.47739989209293
175,C:\Users\Alphons\OneDrive\Documents\Fast-AI-Enabled-Cell-Tracking-and-Migration-Analysis-for-High-Throughput-Drug-Screening\misc\examples\airway_epithelial_cell_wound_repair\Analysis,162.24314556014377,206.0009597218639,16.224314556014377,0.7875844160104859,0.9891018782085416,171.53340734755187
176,C:\Users\Alphons\OneDrive\Documents\Fast-AI-Enabled-Cell-Tracking-and-Migration-Analysis-for-High-Throughput-Drug-Screening\misc\examples\airway_epithelial_cell_wound_repair\Analysis,26.845393575993633,97.75429835770875,2.6845393575993635,0.27462110645773613,0.889817462812737,152.85031830221683
177,C:\Users\Alphons\OneDrive\Documents\Fast-AI-Enabled-Cell-Tracking-and-Migration-Analysis-for-High-Throughput-Drug-Screening\misc\examples\airway_epithelial_cell_wound_repair\Analysis,100.80231659664376,135.5941122444036,10.080231659664376,0.7434121948816712,0.9843523775058135,169.85084820103174
178,C:\Users\Alphons\OneDrive\Documents\Fast-AI-Enabled-Cell-Tracking-and-Migration-Analysis-for-High-Throughput-Drug-Screening\misc\examples\airway_epithelial_cell_wound_repair\Analysis,94.13389732184683,134.08918822530342,9.413389732184683,0.7020245149346294,0.8198428217216609,145.06906269888944
179,C:\Users\Alphons\OneDrive\Documents\Fast-AI-Enabled-Cell-Tracking-and-Migration-Analysis-for-High-Throughput-Drug-Screening\misc\examples\airway_epithelial_cell_wound_repair\Analysis,159.8296422171119,217.45137793557174,15.98296422171119,0.7350132417393442,0.6974613623208443,134.22368193387874
180,C:\Users\Alphons\OneDrive\Documents\Fast-AI-Enabled-Cell-Tracking-and-Migration-Analysis-for-High-Throughput-Drug-Screening\misc\examples\airway_epithelial_cell_wound_repair\Analysis,226.41383743324965,273.7088034197148,22.641383743324965,0.8272069973798346,0.7628729849646316,139.71813274119154
181,C:\Users\Alphons\OneDrive\Documents\Fast-AI-Enabled-Cell-Tracking-and-Migration-Analysis-for-High-Throughput-Drug-Screening\misc\examples\airway_epithelial_cell_wound_repair\Analysis,130.98910737156737,175.70993808621654,13.098910737156737,0.7454849099502512,0.9071364969526641,155.11258828907546
182,C:\Users\Alphons\OneDrive\Documents\Fast-AI-Enabled-Cell-Tracking-and-Migration-Analysis-for-High-Throughput-Drug-Screening\misc\examples\airway_epithelial_cell_wound_repair\Analysis,96.13323599307371,172.3144608123223,9.613323599307371,0.55789418682497,0.9748189482225678,167.11483060029673
183,C:\Users\Alphons\OneDrive\Documents\Fast-AI-Enabled-Cell-Tracking-and-Migration-Analysis-for-High-Throughput-Drug-Screening\misc\examples\airway_epithelial_cell_wound_repair\Analysis,82.30322745798006,128.94089635878365,8.230322745798006,0.6383019645603187,0.9674590226811285,165.34324888423956
184,C:\Users\Alphons\OneDrive\Documents\Fast-AI-Enabled-Cell-Tracking-and-Migration-Analysis-for-High-Throughput-Drug-Screening\misc\examples\airway_epithelial_cell_wound_repair\Analysis,44.10850612410265,101.89009722509961,4.410850612410265,0.4329027778495137,0.9026036812034508,154.5024485066622
185,C:\Users\Alphons\OneDrive\Documents\Fast-AI-Enabled-Cell-Tracking-and-Migration-Analysis-for-High-Throughput-Drug-Screening\misc\examples\airway_epithelial_cell_wound_repair\Analysis,80.5245343047695,137.70644825856613,8.05245343047695,0.5847550011134676,0.973616310567801,166.80938928779315
186,C:\Users\Alphons\OneDrive\Documents\Fast-AI-Enabled-Cell-Tracking-and-Migration-Analysis-for-High-Throughput-Drug-Screening\misc\examples\airway_epithelial_cell_wound_repair\Analysis,77.58467652346049,209.3005419540467,7.758467652346049,0.3706855022883539,0.6789356140973514,132.76052406204812
187,C:\Users\Alphons\OneDrive\Documents\Fast-AI-Enabled-Cell-Tracking-and-Migration-Analysis-for-High-Throughput-Drug-Screening\misc\examples\airway_epithelial_cell_wound_repair\Analysis,138.6064629174989,187.59714770504917,13.860646291749891,0.7388516542662142,0.967757903755477,165.41108126712535
188,C:\Users\Alphons\OneDrive\Documents\Fast-AI-Enabled-Cell-Tracking-and-Migration-Analysis-for-High-Throughput-Drug-Screening\misc\examples\airway_epithelial_cell_wound_repair\Analysis,75.4171327103464,120.96971916862964,7.54171327103464,0.6234381068969521,0.9339721289926043,159.06271472572536
189,C:\Users\Alphons\OneDrive\Documents\Fast-AI-Enabled-Cell-Tracking-and-Migration-Analysis-for-High-Throughput-Drug-Screening\misc\examples\airway_epithelial_cell_wound_repair\Analysis,105.3784845212722,167.45440783486183,10.53784845212722,0.6292965702353627,0.8137334712067349,144.46232220802563
190,C:\Users\Alphons\OneDrive\Documents\Fast-AI-Enabled-Cell-Tracking-and-Migration-Analysis-for-High-Throughput-Drug-Screening\misc\examples\airway_epithelial_cell_wound_repair\Analysis,69.99135884164559,124.76067618913696,6.999135884164559,0.5610049655032233,0.9888720714308784,171.4444417565871
